transition,from_hz,to_hz,Tw_change,Tw_direction,Tdot_change,Tdot_direction,delta_change,delta_direction,delta_dot_change,delta_dot_direction
5→10,5,10,-0.03880100578374335,improves,-0.6689805423486818,improves,-0.37333023429121925,improves,-0.7116278245859088,improves
10→15,10,15,-0.0013714074870402326,improves,-0.06863672243779728,improves,-0.05773058010353793,improves,0.054840936619594216,worsens
15→20,15,20,-0.003832319418176078,improves,0.029980211134591372,worsens,-0.029877467241401612,improves,0.022914937674691882,worsens
20→40,20,40,-0.0031127147391644128,improves,-0.01994714516902718,improves,0.11935218330619202,worsens,-0.028175369362197666,improves
40→80,40,80,0.0039055990106520166,worsens,-0.030628799129534312,improves,-0.22786688598596094,improves,-0.12907899290376745,improves
